mkamadeus,1121,12/12/2018,19/12/2018,sudah
mkamadeus,1122,13/12/2018,20/12/2018,sudah
mkamadeus,1123,13/12/2018,20/12/2018,sudah
sandrayoe,2121,20/12/2018,27/12/2018,sudah
sandrayoe,2126,20/12/2018,27/12/2018,sudah
sandrayoe,2149,01/01/2019,08/01/2019,sudah
sandrayoe,2147,01/01/2019,08/01/2019,sudah
sandrayoe,2150,05/01/2019,12/01/2019,sudah
mkamadeus,1123,24/04/2019,01/05/2019,sudah
mkamadeus,1123,25/04/2019,02/05/2019,sudah
mkamadeus,1123,26/04/2019,03/05/2019,sudah
mkamadeus,1123,25/04/2019,02/05/2019,sudah
